lineage,term
xbb.1.16,Omicron
fu.1,Omicron
fu.1.1,Omicron
fu.1.1.1,Omicron
fu.2,Omicron
fu.2.1,Omicron
fu.3,Omicron
fu.3.1,Omicron
fu.4,Omicron
fu.5,Omicron
gy.1,Omicron
gy.1.1,Omicron
gy.1.1.1,Omicron
gy.2,Omicron
gy.2.1,Omicron
gy.3,Omicron
gy.4,Omicron
gy.5,Omicron
gy.6,Omicron
gy.7,Omicron
gy.8,Omicron
gy.9,Omicron
hf.1,Omicron
hf.1.1,Omicron
hf.1.2,Omicron
jf.1,Omicron
jf.1.1,Omicron
jf.1.1.1,Omicron
jf.1.1.2,Omicron
jf.2,Omicron
jf.3,Omicron
jf.4,Omicron
jm.1,Omicron
jm.2,Omicron
kj.1,Omicron
xbb.1.16.1,Omicron
xbb.1.16.2,Omicron
xbb.1.16.3,Omicron
xbb.1.16.4,Omicron
xbb.1.16.5,Omicron
xbb.1.16.6,Omicron
xbb.1.16.7,Omicron
xbb.1.16.8,Omicron
xbb.1.16.9,Omicron
xbb.1.16.10,Omicron
xbb.1.16.11,Omicron
xbb.1.16.12,Omicron
xbb.1.16.13,Omicron
xbb.1.16.14,Omicron
xbb.1.16.15,Omicron
xbb.1.16.16,Omicron
xbb.1.16.17,Omicron
xbb.1.16.18,Omicron
xbb.1.16.19,Omicron
xbb.1.16.20,Omicron
xbb.1.16.21,Omicron
xbb.1.16.22,Omicron
xbb.1.16.23,Omicron
xbb.1.16.24,Omicron
xbb.1.16.25,Omicron
xbb.1.16.26,Omicron
xbb.1.16.27,Omicron
xbb.1.16.28,Omicron
xbb.1.16.29,Omicron
xbb.1.16.30,Omicron
xbb.1.16.31,Omicron
xbb.1.16.32,Omicron
eg.5,Omicron
eg.5.1,Omicron
eg.5.1.1,Omicron
eg.5.1.2,Omicron
eg.5.1.3,Omicron
eg.5.1.4,Omicron
eg.5.1.5,Omicron
eg.5.1.6,Omicron
eg.5.1.7,Omicron
eg.5.1.8,Omicron
eg.5.1.9,Omicron
eg.5.1.10,Omicron
eg.5.1.11,Omicron
eg.5.1.12,Omicron
eg.5.1.13,Omicron
eg.5.1.14,Omicron
eg.5.1.15,Omicron
eg.5.1.16,Omicron
eg.5.1.17,Omicron
eg.5.1.18,Omicron
eg.5.1.19,Omicron
eg.5.2,Omicron
eg.5.2.1,Omicron
eg.5.2.2,Omicron
eg.5.2.3,Omicron
eg.5.2.4,Omicron
hk.1,Omicron
hk.1.2,Omicron
hk.2,Omicron
hk.2.1,Omicron
hk.3,Omicron
hk.3.1,Omicron
hk.3.2,Omicron
hk.3.2.1,Omicron
hk.3.2.2,Omicron
hk.3.3,Omicron
hk.3.4,Omicron
hk.3.5,Omicron
hk.3.6,Omicron
hk.3.7,Omicron
hk.3.8,Omicron
hk.3.9,Omicron
hk.3.10,Omicron
hk.3.11,Omicron
hk.3.12,Omicron
hk.3.13,Omicron
hk.3.14,Omicron
hk.4,Omicron
hk.5,Omicron
hk.6,Omicron
hk.7,Omicron
hk.8,Omicron
hk.8.1,Omicron
hk.9,Omicron
hk.11,Omicron
hk.11.1,Omicron
hk.12,Omicron
hk.13,Omicron
hk.13.1,Omicron
hk.13.2,Omicron
hk.13.2.1,Omicron
hk.14,Omicron
hk.15,Omicron
hk.16,Omicron
hk.17,Omicron
hk.18,Omicron
hk.19,Omicron
hk.20,Omicron
hk.20.1,Omicron
hk.21,Omicron
hk.22,Omicron
hk.23,Omicron
hk.23.1,Omicron
hk.23.1.1,Omicron
hk.24,Omicron
hk.24.1,Omicron
hk.25,Omicron
hk.26,Omicron
hk.26.1,Omicron
hk.27,Omicron
hk.27.1,Omicron
hk.27.1.1,Omicron
hk.28,Omicron
hk.29,Omicron
hk.30,Omicron
hk.31,Omicron
hk.32,Omicron
hk.33,Omicron
hk.34,Omicron
hk.34.1,Omicron
hv.1,Omicron
hv.1.1,Omicron
hv.1.2,Omicron
hv.1.3,Omicron
hv.1.4,Omicron
hv.1.5,Omicron
hv.1.6,Omicron
hv.1.6.1,Omicron
hv.1.7,Omicron
hv.1.8,Omicron
hv.1.9,Omicron
hv.1.10,Omicron
hv.1.11,Omicron
hv.2,Omicron
jg.1,Omicron
jg.2,Omicron
jg.3,Omicron
jg.3.1,Omicron
jg.3.2,Omicron
jg.3.3,Omicron
jg.3.4,Omicron
jg.4,Omicron
jj.1,Omicron
jr.1,Omicron
jr.1.1,Omicron
jr.1.1.1,Omicron
kb.1,Omicron
kb.2,Omicron
kb.3,Omicron
kb.4,Omicron
kl.1,Omicron
kl.1.1,Omicron
xbb.1.5,Omicron
ek.1,Omicron
ek.2,Omicron
ek.2.1,Omicron
ek.3,Omicron
ek.4,Omicron
el.1,Omicron
em.1,Omicron
eu.1,Omicron
eu.1.1,Omicron
eu.1.1.1,Omicron
eu.1.1.2,Omicron
eu.1.1.3,Omicron
fd.1,Omicron
fd.1.1,Omicron
fd.2,Omicron
fd.2.1,Omicron
fd.3,Omicron
fd.4,Omicron
fd.4.1,Omicron
fd.5,Omicron
fd.5.1,Omicron
fg.1,Omicron
fg.2,Omicron
fg.3,Omicron
fh.1,Omicron
ft.1,Omicron
ft.2,Omicron
ft.3,Omicron
ft.3.1,Omicron
ft.3.1.1,Omicron
ft.4,Omicron
fz.1,Omicron
fz.1.1,Omicron
fz.2,Omicron
gb.1,Omicron
gb.2,Omicron
gc.1,Omicron
gc.2,Omicron
gf.1,Omicron
gg.1,Omicron
gk.1,Omicron
gk.1.1,Omicron
gk.1.1.1,Omicron
gk.1.2,Omicron
gk.1.2.1,Omicron
gk.1.3,Omicron
gk.1.4,Omicron
gk.1.5,Omicron
gk.1.6,Omicron
gk.1.6.1,Omicron
gk.1.7,Omicron
gk.1.8,Omicron
gk.1.8.1,Omicron
gk.1.9,Omicron
gk.1.10,Omicron
gk.1.10.1,Omicron
gk.1.11,Omicron
gk.1.11.1,Omicron
gk.2,Omicron
gk.2.1,Omicron
gk.2.1.1,Omicron
gk.2.2,Omicron
gk.2.3,Omicron
gk.2.4,Omicron
gk.3,Omicron
gk.3.1,Omicron
gk.3.2,Omicron
gk.4,Omicron
gk.5,Omicron
gk.5.1,Omicron
gk.6,Omicron
gk.7,Omicron
gk.8,Omicron
gk.8.1,Omicron
gk.9,Omicron
gk.10,Omicron
gk.11,Omicron
gk.12,Omicron
gn.1,Omicron
gn.1.1,Omicron
gn.1.2,Omicron
gn.1.3,Omicron
gn.1.4,Omicron
gn.2,Omicron
gn.3,Omicron
gn.4,Omicron
gn.5,Omicron
gr.1,Omicron
gu.1,Omicron
gv.1,Omicron
ha.1,Omicron
ha.2,Omicron
hc.1,Omicron
hc.2,Omicron
hc.3,Omicron
hc.4,Omicron
hd.1,Omicron
hd.1.1,Omicron
hj.1,Omicron
hm.1,Omicron
hp.1,Omicron
hp.1.1,Omicron
hq.1,Omicron
hr.1,Omicron
hr.1.1,Omicron
hs.1,Omicron
hs.1.1,Omicron
ht.1,Omicron
ht.2,Omicron
hy.1,Omicron
hz.1,Omicron
hz.2,Omicron
hz.3,Omicron
jb.1,Omicron
jb.1.1,Omicron
jb.2,Omicron
jb.2.1,Omicron
jd.1,Omicron
jd.1.1,Omicron
jd.1.1.1,Omicron
jd.1.1.2,Omicron
jd.1.1.3,Omicron
jd.1.1.4,Omicron
jd.1.1.5,Omicron
jd.1.1.6,Omicron
jd.1.1.7,Omicron
jd.1.1.8,Omicron
jd.1.2,Omicron
jd.1.2.1,Omicron
jd.1.2.2,Omicron
jd.2,Omicron
jd.2.1,Omicron
jk.1,Omicron
jz.1,Omicron
ka.1,Omicron
kk.1,Omicron
kk.2,Omicron
km.1,Omicron
kn.1,Omicron
kn.1.1,Omicron
xbb.1.5.1,Omicron
xbb.1.5.2,Omicron
xbb.1.5.3,Omicron
xbb.1.5.4,Omicron
xbb.1.5.5,Omicron
xbb.1.5.6,Omicron
xbb.1.5.7,Omicron
xbb.1.5.8,Omicron
xbb.1.5.9,Omicron
xbb.1.5.10,Omicron
xbb.1.5.11,Omicron
xbb.1.5.12,Omicron
xbb.1.5.13,Omicron
xbb.1.5.14,Omicron
xbb.1.5.15,Omicron
xbb.1.5.16,Omicron
xbb.1.5.17,Omicron
xbb.1.5.18,Omicron
xbb.1.5.19,Omicron
xbb.1.5.20,Omicron
xbb.1.5.21,Omicron
xbb.1.5.22,Omicron
xbb.1.5.23,Omicron
xbb.1.5.24,Omicron
xbb.1.5.25,Omicron
xbb.1.5.26,Omicron
xbb.1.5.27,Omicron
xbb.1.5.28,Omicron
xbb.1.5.29,Omicron
xbb.1.5.30,Omicron
xbb.1.5.31,Omicron
xbb.1.5.32,Omicron
xbb.1.5.33,Omicron
xbb.1.5.34,Omicron
xbb.1.5.35,Omicron
xbb.1.5.36,Omicron
xbb.1.5.37,Omicron
xbb.1.5.38,Omicron
xbb.1.5.39,Omicron
xbb.1.5.40,Omicron
xbb.1.5.41,Omicron
xbb.1.5.42,Omicron
xbb.1.5.43,Omicron
xbb.1.5.44,Omicron
xbb.1.5.45,Omicron
xbb.1.5.46,Omicron
xbb.1.5.47,Omicron
xbb.1.5.48,Omicron
xbb.1.5.49,Omicron
xbb.1.5.50,Omicron
xbb.1.5.51,Omicron
xbb.1.5.52,Omicron
xbb.1.5.53,Omicron
xbb.1.5.54,Omicron
xbb.1.5.55,Omicron
xbb.1.5.56,Omicron
xbb.1.5.57,Omicron
xbb.1.5.58,Omicron
xbb.1.5.59,Omicron
xbb.1.5.60,Omicron
xbb.1.5.61,Omicron
xbb.1.5.62,Omicron
xbb.1.5.63,Omicron
xbb.1.5.64,Omicron
xbb.1.5.65,Omicron
xbb.1.5.66,Omicron
xbb.1.5.67,Omicron
xbb.1.5.68,Omicron
xbb.1.5.69,Omicron
xbb.1.5.70,Omicron
xbb.1.5.71,Omicron
xbb.1.5.72,Omicron
xbb.1.5.73,Omicron
xbb.1.5.74,Omicron
xbb.1.5.75,Omicron
xbb.1.5.76,Omicron
xbb.1.5.77,Omicron
xbb.1.5.78,Omicron
xbb.1.5.79,Omicron
xbb.1.5.80,Omicron
xbb.1.5.81,Omicron
xbb.1.5.82,Omicron
xbb.1.5.83,Omicron
xbb.1.5.84,Omicron
xbb.1.5.85,Omicron
xbb.1.5.86,Omicron
xbb.1.5.87,Omicron
xbb.1.5.88,Omicron
xbb.1.5.89,Omicron
xbb.1.5.90,Omicron
xbb.1.5.91,Omicron
xbb.1.5.92,Omicron
xbb.1.5.93,Omicron
xbb.1.5.94,Omicron
xbb.1.5.95,Omicron
xbb.1.5.96,Omicron
xbb.1.5.97,Omicron
xbb.1.5.98,Omicron
xbb.1.5.99,Omicron
xbb.1.5.100,Omicron
xbb.1.5.101,Omicron
xbb.1.5.102,Omicron
xbb.1.5.103,Omicron
xbb.1.5.104,Omicron
xbb.1.5.105,Omicron
xbb.1.5.106,Omicron
xbb.1.5.107,Omicron
xbb.1.5.108,Omicron
xbb.1.5.109,Omicron
xbb.1.5.110,Omicron
ba.2.75,Omicron
ba.2.75.1,Omicron
ba.2.75.2,Omicron
ba.2.75.3,Omicron
ba.2.75.4,Omicron
ba.2.75.5,Omicron
ba.2.75.6,Omicron
ba.2.75.7,Omicron
ba.2.75.8,Omicron
ba.2.75.9,Omicron
ba.2.75.10,Omicron
bl.1,Omicron
bl.1.1,Omicron
bl.1.2,Omicron
bl.1.3,Omicron
bl.1.4,Omicron
bl.1.5,Omicron
bl.2,Omicron
bl.2.1,Omicron
bl.3,Omicron
bl.4,Omicron
bl.5,Omicron
bl.6,Omicron
bm.1,Omicron
bm.1.1,Omicron
bm.1.1.1,Omicron
bm.1.1.2,Omicron
bm.1.1.3,Omicron
bm.1.1.4,Omicron
bm.1.1.5,Omicron
bm.2,Omicron
bm.2.1,Omicron
bm.2.2,Omicron
bm.2.3,Omicron
bm.3,Omicron
bm.4,Omicron
bm.4.1,Omicron
bm.4.1.1,Omicron
bm.5,Omicron
bm.6,Omicron
bn.1,Omicron
bn.1.1,Omicron
bn.1.1.1,Omicron
bn.1.2,Omicron
bn.1.2.1,Omicron
bn.1.2.2,Omicron
bn.1.2.3,Omicron
bn.1.2.4,Omicron
bn.1.2.5,Omicron
bn.1.2.6,Omicron
bn.1.2.7,Omicron
bn.1.2.8,Omicron
bn.1.3,Omicron
bn.1.3.1,Omicron
bn.1.3.2,Omicron
bn.1.3.3,Omicron
bn.1.3.4,Omicron
bn.1.3.5,Omicron
bn.1.3.6,Omicron
bn.1.3.7,Omicron
bn.1.3.8,Omicron
bn.1.3.9,Omicron
bn.1.3.10,Omicron
bn.1.3.11,Omicron
bn.1.3.12,Omicron
bn.1.3.13,Omicron
bn.1.4,Omicron
bn.1.4.1,Omicron
bn.1.4.2,Omicron
bn.1.4.3,Omicron
bn.1.4.4,Omicron
bn.1.4.5,Omicron
bn.1.5,Omicron
bn.1.5.1,Omicron
bn.1.5.2,Omicron
bn.1.6,Omicron
bn.1.7,Omicron
bn.1.8,Omicron
bn.1.9,Omicron
bn.1.10,Omicron
bn.1.11,Omicron
bn.2,Omicron
bn.2.1,Omicron
bn.3,Omicron
bn.3.1,Omicron
bn.4,Omicron
bn.5,Omicron
bn.6,Omicron
br.1,Omicron
br.1.1,Omicron
br.1.2,Omicron
br.2,Omicron
br.2.1,Omicron
br.3,Omicron
br.4,Omicron
br.5,Omicron
br.5.1,Omicron
by.1,Omicron
by.1.1,Omicron
by.1.1.1,Omicron
by.1.2,Omicron
by.1.2.1,Omicron
ca.1,Omicron
ca.2,Omicron
ca.3,Omicron
ca.3.1,Omicron
ca.4,Omicron
ca.5,Omicron
ca.6,Omicron
ca.7,Omicron
cb.1,Omicron
ch.1,Omicron
ch.1.1,CH.1.1* [Omicron (CH.1.1.X)]
ch.1.1.1,CH.1.1* [Omicron (CH.1.1.X)]
ch.1.1.2,CH.1.1* [Omicron (CH.1.1.X)]
ch.1.1.3,CH.1.1* [Omicron (CH.1.1.X)]
ch.1.1.4,CH.1.1* [Omicron (CH.1.1.X)]
ch.1.1.5,CH.1.1* [Omicron (CH.1.1.X)]
ch.1.1.6,CH.1.1* [Omicron (CH.1.1.X)]
ch.1.1.7,CH.1.1* [Omicron (CH.1.1.X)]
ch.1.1.8,CH.1.1* [Omicron (CH.1.1.X)]
ch.1.1.9,CH.1.1* [Omicron (CH.1.1.X)]
ch.1.1.10,CH.1.1* [Omicron (CH.1.1.X)]
ch.1.1.11,CH.1.1* [Omicron (CH.1.1.X)]
ch.1.1.12,CH.1.1* [Omicron (CH.1.1.X)]
ch.1.1.13,CH.1.1* [Omicron (CH.1.1.X)]
ch.1.1.14,CH.1.1* [Omicron (CH.1.1.X)]
ch.1.1.15,CH.1.1* [Omicron (CH.1.1.X)]
ch.1.1.16,CH.1.1* [Omicron (CH.1.1.X)]
ch.1.1.17,CH.1.1* [Omicron (CH.1.1.X)]
ch.1.1.18,CH.1.1* [Omicron (CH.1.1.X)]
ch.1.1.19,CH.1.1* [Omicron (CH.1.1.X)]
ch.1.1.20,CH.1.1* [Omicron (CH.1.1.X)]
ch.1.1.21,CH.1.1* [Omicron (CH.1.1.X)]
ch.1.1.22,CH.1.1* [Omicron (CH.1.1.X)]
ch.1.1.23,CH.1.1* [Omicron (CH.1.1.X)]
ch.1.1.24,CH.1.1* [Omicron (CH.1.1.X)]
ch.1.1.25,CH.1.1* [Omicron (CH.1.1.X)]
ch.1.1.26,CH.1.1* [Omicron (CH.1.1.X)]
ch.1.1.27,CH.1.1* [Omicron (CH.1.1.X)]
ch.1.1.28,CH.1.1* [Omicron (CH.1.1.X)]
ch.1.1.29,CH.1.1* [Omicron (CH.1.1.X)]
ch.1.1.30,CH.1.1* [Omicron (CH.1.1.X)]
ch.1.1.31,CH.1.1* [Omicron (CH.1.1.X)]
ch.1.1.32,CH.1.1* [Omicron (CH.1.1.X)]
ch.2,Omicron
ch.3,Omicron
ch.3.1,Omicron
cj.1,Omicron
cj.1.1,Omicron
cj.1.2,Omicron
cj.1.3,Omicron
cj.1.3.1,Omicron
cj.1.3.2,Omicron
cv.1,Omicron
cv.2,Omicron
ds.1,Omicron
ds.2,Omicron
ds.3,Omicron
dv.1,CH.1.1* [Omicron (CH.1.1.X)]
dv.1.1,CH.1.1* [Omicron (CH.1.1.X)]
dv.2,CH.1.1* [Omicron (CH.1.1.X)]
dv.3,CH.1.1* [Omicron (CH.1.1.X)]
dv.3.1,CH.1.1* [Omicron (CH.1.1.X)]
dv.4,CH.1.1* [Omicron (CH.1.1.X)]
dv.5,CH.1.1* [Omicron (CH.1.1.X)]
dv.6,CH.1.1* [Omicron (CH.1.1.X)]
dv.6.1,CH.1.1* [Omicron (CH.1.1.X)]
dv.6.2,CH.1.1* [Omicron (CH.1.1.X)]
dv.7,CH.1.1* [Omicron (CH.1.1.X)]
dv.7.1,CH.1.1* [Omicron (CH.1.1.X)]
dv.7.1.1,CH.1.1* [Omicron (CH.1.1.X)]
dv.7.1.2,CH.1.1* [Omicron (CH.1.1.X)]
dv.7.1.3,CH.1.1* [Omicron (CH.1.1.X)]
dv.7.1.4,CH.1.1* [Omicron (CH.1.1.X)]
dv.7.1.5,CH.1.1* [Omicron (CH.1.1.X)]
dv.7.1.6,CH.1.1* [Omicron (CH.1.1.X)]
dv.7.1.7,CH.1.1* [Omicron (CH.1.1.X)]
dv.7.1.8,CH.1.1* [Omicron (CH.1.1.X)]
dv.7.1.9,CH.1.1* [Omicron (CH.1.1.X)]
dv.7.2,CH.1.1* [Omicron (CH.1.1.X)]
dv.8,CH.1.1* [Omicron (CH.1.1.X)]
ej.1,Omicron
ej.2,Omicron
ej.3,Omicron
ep.1,Omicron
ep.1.1,Omicron
ep.1.1.1,Omicron
ep.2,Omicron
fj.1,CH.1.1* [Omicron (CH.1.1.X)]
fk.1,CH.1.1* [Omicron (CH.1.1.X)]
fk.1.1,CH.1.1* [Omicron (CH.1.1.X)]
fk.1.1.1,CH.1.1* [Omicron (CH.1.1.X)]
fk.1.1.2,CH.1.1* [Omicron (CH.1.1.X)]
fk.1.2,CH.1.1* [Omicron (CH.1.1.X)]
fk.1.2.1,CH.1.1* [Omicron (CH.1.1.X)]
fk.1.2.2,CH.1.1* [Omicron (CH.1.1.X)]
fk.1.3,CH.1.1* [Omicron (CH.1.1.X)]
fk.1.3.1,CH.1.1* [Omicron (CH.1.1.X)]
fk.1.3.2,CH.1.1* [Omicron (CH.1.1.X)]
fk.1.4,CH.1.1* [Omicron (CH.1.1.X)]
fk.1.4.1,CH.1.1* [Omicron (CH.1.1.X)]
fk.1.5,CH.1.1* [Omicron (CH.1.1.X)]
fr.1,Omicron
fr.1.1,Omicron
fr.1.2,Omicron
fr.1.3,Omicron
fr.1.4,Omicron
fr.1.5,Omicron
fr.2,Omicron
fs.1,CH.1.1* [Omicron (CH.1.1.X)]
gp.1,CH.1.1* [Omicron (CH.1.1.X)]
gp.2,CH.1.1* [Omicron (CH.1.1.X)]
gp.3,CH.1.1* [Omicron (CH.1.1.X)]
gq.1,CH.1.1* [Omicron (CH.1.1.X)]
gq.1.1,CH.1.1* [Omicron (CH.1.1.X)]
jl.1,CH.1.1* [Omicron (CH.1.1.X)]
jp.1,CH.1.1* [Omicron (CH.1.1.X)]
jp.1.1,CH.1.1* [Omicron (CH.1.1.X)]
jv.1,CH.1.1* [Omicron (CH.1.1.X)]
jv.2,CH.1.1* [Omicron (CH.1.1.X)]
kg.1,CH.1.1* [Omicron (CH.1.1.X)]
kg.2,CH.1.1* [Omicron (CH.1.1.X)]
xbb.2.3,Omicron
ge.1,Omicron
ge.1.1,Omicron
ge.1.2,Omicron
ge.1.2.1,Omicron
ge.1.3,Omicron
ge.1.4,Omicron
ge.1.5,Omicron
ge.1.6,Omicron
gj.1,Omicron
gj.1.1,Omicron
gj.1.2,Omicron
gj.1.2.1,Omicron
gj.1.2.2,Omicron
gj.1.2.3,Omicron
gj.1.2.4,Omicron
gj.1.2.5,Omicron
gj.1.2.6,Omicron
gj.1.2.7,Omicron
gj.1.2.8,Omicron
gj.2,Omicron
gj.3,Omicron
gj.4,Omicron
gj.5,Omicron
gj.5.1,Omicron
gj.6,Omicron
gj.7,Omicron
gm.1,Omicron
gm.2,Omicron
gm.3,Omicron
gm.3.1,Omicron
gs.1,Omicron
gs.2,Omicron
gs.3,Omicron
gs.4,Omicron
gs.4.1,Omicron
gs.4.1.1,Omicron
gs.5,Omicron
gs.6,Omicron
gs.7,Omicron
gs.7.1,Omicron
gs.8,Omicron
gz.1,Omicron
hg.1,Omicron
hg.1.1,Omicron
hg.2,Omicron
hg.3,Omicron
hh.1,Omicron
hh.1.1,Omicron
hh.2,Omicron
hh.2.1,Omicron
hh.3,Omicron
hh.4,Omicron
hh.5,Omicron
hh.6,Omicron
hh.7,Omicron
hh.8,Omicron
hh.8.1,Omicron
ja.1,Omicron
je.1,Omicron
je.1.1,Omicron
je.1.1.1,Omicron
js.1,Omicron
js.2,Omicron
ju.1,Omicron
jy.1,Omicron
jy.1.1,Omicron
kh.1,Omicron
xbb.2.3.1,Omicron
xbb.2.3.2,Omicron
xbb.2.3.3,Omicron
xbb.2.3.4,Omicron
xbb.2.3.5,Omicron
xbb.2.3.6,Omicron
xbb.2.3.7,Omicron
xbb.2.3.8,Omicron
xbb.2.3.9,Omicron
xbb.2.3.10,Omicron
xbb.2.3.11,Omicron
xbb.2.3.12,Omicron
xbb.2.3.13,Omicron
xbb.2.3.14,Omicron
xbb.2.3.15,Omicron
xbb.2.3.16,Omicron
xbb.2.3.17,Omicron
xbb.2.3.18,Omicron
xbb.2.3.19,Omicron
xbb.2.3.20,Omicron
xbb.2.3.21,Omicron
xbb.2.3.22,Omicron
ba.2.86,Omicron
ba.2.86.1,Omicron
ba.2.86.2,Omicron
ba.2.86.3,Omicron
ba.2.86.4,Omicron
ba.2.86.5,Omicron
jn.1,Omicron
jn.1.1,Omicron
jn.1.1.1,Omicron
jn.1.1.2,Omicron
jn.1.1.3,Omicron
jn.1.1.4,Omicron
jn.1.2,Omicron
jn.1.2.1,Omicron
jn.1.3,Omicron
jn.1.4,Omicron
jn.1.4.1,Omicron
jn.1.4.2,Omicron
jn.1.4.3,Omicron
jn.1.5,Omicron
jn.1.6,Omicron
jn.1.6.1,Omicron
jn.1.7,Omicron
jn.1.8,Omicron
jn.1.8.1,Omicron
jn.1.9,Omicron
jn.1.9.1,Omicron
jn.1.10,Omicron
jn.1.11,Omicron
jn.1.11.1,Omicron
jn.1.12,Omicron
jn.1.13,Omicron
jn.1.14,Omicron
jn.1.15,Omicron
jn.1.16,Omicron
jn.1.17,Omicron
jn.1.18,Omicron
jn.1.19,Omicron
jn.1.20,Omicron
jn.1.21,Omicron
jn.1.22,Omicron
jn.1.23,Omicron
jn.2,Omicron
jn.2.1,Omicron
jn.2.2,Omicron
jn.2.3,Omicron
jn.2.4,Omicron
jn.2.5,Omicron
jn.3,Omicron
jn.3.1,Omicron
jn.3.2,Omicron
jn.3.2.1,Omicron
jn.4,Omicron
jn.5,Omicron
jn.5.1,Omicron
jn.6,Omicron
jn.7,Omicron
jn.8,Omicron
jn.9,Omicron
jn.10,Omicron
jn.11,Omicron
jn.12,Omicron
jq.1,Omicron
kp.1,Omicron
xbb,Omicron
eg.1,Omicron
eg.1.1,Omicron
eg.1.2,Omicron
eg.1.3,Omicron
eg.1.4,Omicron
eg.1.4.1,Omicron
eg.1.5,Omicron
eg.1.6,Omicron
eg.1.7,Omicron
eg.1.8,Omicron
eg.2,Omicron
eg.2.1,Omicron
eg.2.2,Omicron
eg.2.3,Omicron
eg.2.4,Omicron
eg.2.5,Omicron
eg.3,Omicron
eg.4,Omicron
eg.4.1,Omicron
eg.4.2,Omicron
eg.4.3,Omicron
eg.4.4,Omicron
eg.4.5,Omicron
eg.6,Omicron
eg.6.1,Omicron
eg.6.1.1,Omicron
eg.6.1.2,Omicron
eg.7,Omicron
eg.8,Omicron
eg.9,Omicron
eg.9.1,Omicron
eg.10,Omicron
eg.10.1,Omicron
eg.10.1.1,Omicron
eg.11,Omicron
eg.12,Omicron
eg.13,Omicron
eg.14,Omicron
fe.1,Omicron
fe.1.1,Omicron
fe.1.1.1,Omicron
fe.1.1.2,Omicron
fe.1.1.3,Omicron
fe.1.1.4,Omicron
fe.1.1.5,Omicron
fe.1.2,Omicron
fl.1,Omicron
fl.1.1,Omicron
fl.1.1.1,Omicron
fl.1.2,Omicron
fl.1.3,Omicron
fl.1.4,Omicron
fl.1.5,Omicron
fl.1.5.1,Omicron
fl.1.5.2,Omicron
fl.1.6,Omicron
fl.1.7,Omicron
fl.1.8,Omicron
fl.2,Omicron
fl.2.1,Omicron
fl.2.2,Omicron
fl.2.2.1,Omicron
fl.2.3,Omicron
fl.2.3.1,Omicron
fl.2.4,Omicron
fl.2.5,Omicron
fl.2.6,Omicron
fl.2.7,Omicron
fl.2.7.1,Omicron
fl.3,Omicron
fl.3.1,Omicron
fl.3.2,Omicron
fl.3.3,Omicron
fl.3.4,Omicron
fl.4,Omicron
fl.4.1,Omicron
fl.4.1.1,Omicron
fl.4.2,Omicron
fl.4.3,Omicron
fl.4.4,Omicron
fl.4.5,Omicron
fl.4.6,Omicron
fl.4.7,Omicron
fl.4.8,Omicron
fl.4.9,Omicron
fl.4.10,Omicron
fl.4.11,Omicron
fl.5,Omicron
fl.5.1,Omicron
fl.6,Omicron
fl.7,Omicron
fl.8,Omicron
fl.9,Omicron
fl.10,Omicron
fl.10.1,Omicron
fl.10.2,Omicron
fl.10.3,Omicron
fl.11,Omicron
fl.12,Omicron
fl.13,Omicron
fl.13.1,Omicron
fl.13.2,Omicron
fl.13.2.1,Omicron
fl.13.3,Omicron
fl.13.3.1,Omicron
fl.13.4,Omicron
fl.13.4.1,Omicron
fl.13.5,Omicron
fl.14,Omicron
fl.15,Omicron
fl.15.1,Omicron
fl.15.1.1,Omicron
fl.15.2,Omicron
fl.15.3,Omicron
fl.15.4,Omicron
fl.16,Omicron
fl.17,Omicron
fl.17.1,Omicron
fl.17.2,Omicron
fl.18,Omicron
fl.18.1,Omicron
fl.18.1.1,Omicron
fl.19,Omicron
fl.19.1,Omicron
fl.20,Omicron
fl.20.1,Omicron
fl.20.2,Omicron
fl.21,Omicron
fl.21.1,Omicron
fl.21.2,Omicron
fl.22,Omicron
fl.23,Omicron
fl.23.1,Omicron
fl.23.2,Omicron
fl.23.2.1,Omicron
fl.24,Omicron
fl.24.1,Omicron
fl.25,Omicron
fl.26,Omicron
fl.26.1,Omicron
fl.27,Omicron
fl.28,Omicron
fl.29,Omicron
fl.30,Omicron
fl.30.1,Omicron
fl.31,Omicron
fl.31.1,Omicron
fl.32,Omicron
fl.32.1,Omicron
fl.33,Omicron
fl.33.1,Omicron
fl.34,Omicron
fl.35,Omicron
fl.35.1,Omicron
fl.36,Omicron
fl.37,Omicron
fl.38,Omicron
fl.39,Omicron
fl.39.1,Omicron
fl.40,Omicron
fp.1,Omicron
fp.2,Omicron
fp.2.1,Omicron
fp.2.1.1,Omicron
fp.2.1.2,Omicron
fp.3,Omicron
fp.4,Omicron
fw.1,Omicron
fw.1.1,Omicron
fw.1.1.1,Omicron
fw.2,Omicron
fw.3,Omicron
fy.1,Omicron
fy.1.1,Omicron
fy.1.2,Omicron
fy.1.2.1,Omicron
fy.1.2.2,Omicron
fy.1.2.3,Omicron
fy.1.3,Omicron
fy.1.4,Omicron
fy.1.4.1,Omicron
fy.2,Omicron
fy.2.1,Omicron
fy.3,Omicron
fy.3.1,Omicron
fy.3.2,Omicron
fy.3.3,Omicron
fy.4,Omicron
fy.4.1,Omicron
fy.4.1.1,Omicron
fy.4.1.2,Omicron
fy.4.2,Omicron
fy.5,Omicron
fy.5.1,Omicron
fy.5.1.1,Omicron
fy.5.2,Omicron
fy.5.3,Omicron
fy.5.4,Omicron
fy.5.5,Omicron
fy.5.5.1,Omicron
fy.6,Omicron
fy.6.1,Omicron
fy.6.2,Omicron
fy.7,Omicron
fy.8,Omicron
fy.8.1,Omicron
fy.8.1.1,Omicron
fy.9,Omicron
ga.1,Omicron
ga.2,Omicron
ga.2.1,Omicron
ga.2.1.1,Omicron
ga.3,Omicron
ga.4,Omicron
ga.4.1,Omicron
ga.4.1.1,Omicron
ga.4.1.2,Omicron
ga.4.1.3,Omicron
ga.4.2,Omicron
ga.4.3,Omicron
ga.5,Omicron
ga.6,Omicron
ga.6.1,Omicron
ga.7,Omicron
ga.7.1,Omicron
ga.7.2,Omicron
ga.8,Omicron
ga.8.1,Omicron
ga.9,Omicron
ga.10,Omicron
ga.10.1,Omicron
gd.1,Omicron
gd.2,Omicron
gd.3,Omicron
gh.1,Omicron
gw.1,Omicron
gw.1.1,Omicron
gw.2,Omicron
gw.3,Omicron
gw.4,Omicron
gw.5,Omicron
gw.5.1,Omicron
gw.5.1.1,Omicron
gw.5.2,Omicron
gw.5.3,Omicron
gw.5.3.1,Omicron
hb.1,Omicron
he.1,Omicron
he.2,Omicron
hl.1,Omicron
hl.2,Omicron
hn.1,Omicron
hn.2,Omicron
hn.2.1,Omicron
hn.3,Omicron
hn.3.1,Omicron
hn.4,Omicron
hn.4.1,Omicron
hn.4.1.1,Omicron
hn.4.2,Omicron
hn.5,Omicron
hn.6,Omicron
hn.7,Omicron
hn.8,Omicron
hu.1,Omicron
hu.1.1,Omicron
hu.2,Omicron
jc.1,Omicron
jc.2,Omicron
jc.3,Omicron
jc.4,Omicron
jc.5,Omicron
jc.5.1,Omicron
jc.6,Omicron
jw.1,Omicron
jw.1.1,Omicron
kc.1,Omicron
kc.1.1,Omicron
ke.1,Omicron
ke.2,Omicron
ke.3,Omicron
kf.1,Omicron
kf.2,Omicron
xbb.1,Omicron
xbb.1.1,Omicron
xbb.1.2,Omicron
xbb.1.3,Omicron
xbb.1.4,Omicron
xbb.1.4.1,Omicron
xbb.1.4.2,Omicron
xbb.1.6,Omicron
xbb.1.7,Omicron
xbb.1.8,Omicron
xbb.1.9,Omicron
xbb.1.9.1,Omicron
xbb.1.9.2,Omicron
xbb.1.9.3,Omicron
xbb.1.9.4,Omicron
xbb.1.9.5,Omicron
xbb.1.9.6,Omicron
xbb.1.9.7,Omicron
xbb.1.10,Omicron
xbb.1.11,Omicron
xbb.1.11.1,Omicron
xbb.1.12,Omicron
xbb.1.12.1,Omicron
xbb.1.13,Omicron
xbb.1.13.1,Omicron
xbb.1.14,Omicron
xbb.1.14.1,Omicron
xbb.1.15,Omicron
xbb.1.15.1,Omicron
xbb.1.17,Omicron
xbb.1.17.1,Omicron
xbb.1.17.2,Omicron
xbb.1.18,Omicron
xbb.1.18.1,Omicron
xbb.1.19,Omicron
xbb.1.19.1,Omicron
xbb.1.19.2,Omicron
xbb.1.20,Omicron
xbb.1.21,Omicron
xbb.1.22,Omicron
xbb.1.22.1,Omicron
xbb.1.22.2,Omicron
xbb.1.22.3,Omicron
xbb.1.23,Omicron
xbb.1.24,Omicron
xbb.1.24.1,Omicron
xbb.1.24.2,Omicron
xbb.1.24.3,Omicron
xbb.1.25,Omicron
xbb.1.26,Omicron
xbb.1.27,Omicron
xbb.1.28,Omicron
xbb.1.28.1,Omicron
xbb.1.29,Omicron
xbb.1.30,Omicron
xbb.1.31,Omicron
xbb.1.31.1,Omicron
xbb.1.31.2,Omicron
xbb.1.32,Omicron
xbb.1.32.1,Omicron
xbb.1.33,Omicron
xbb.1.34,Omicron
xbb.1.34.1,Omicron
xbb.1.34.2,Omicron
xbb.1.35,Omicron
xbb.1.36,Omicron
xbb.1.37,Omicron
xbb.1.37.1,Omicron
xbb.1.38,Omicron
xbb.1.38.1,Omicron
xbb.1.39,Omicron
xbb.1.40,Omicron
xbb.1.41,Omicron
xbb.1.41.1,Omicron
xbb.1.41.2,Omicron
xbb.1.41.3,Omicron
xbb.1.42,Omicron
xbb.1.42.1,Omicron
xbb.1.42.2,Omicron
xbb.1.43,Omicron
xbb.1.43.1,Omicron
xbb.1.44,Omicron
xbb.1.44.1,Omicron
xbb.1.45,Omicron
xbb.1.45.1,Omicron
xbb.1.46,Omicron
xbb.1.47,Omicron
xbb.1.47.1,Omicron
xbb.1.48,Omicron
xbb.1.49,Omicron
xbb.2,Omicron
xbb.2.1,Omicron
xbb.2.2,Omicron
xbb.2.4,Omicron
xbb.2.5,Omicron
xbb.2.6,Omicron
xbb.2.6.1,Omicron
xbb.2.6.2,Omicron
xbb.2.6.3,Omicron
xbb.2.7,Omicron
xbb.2.7.1,Omicron
xbb.2.8,Omicron
xbb.2.9,Omicron
xbb.2.10,Omicron
xbb.2.11,Omicron
xbb.2.11.1,Omicron
xbb.2.12,Omicron
xbb.3,Omicron
xbb.3.1,Omicron
xbb.3.2,Omicron
xbb.3.3,Omicron
xbb.3.4,Omicron
xbb.3.5,Omicron
xbb.4,Omicron
xbb.4.1,Omicron
xbb.5,Omicron
xbb.6,Omicron
xbb.6.1,Omicron
xbb.7,Omicron
xbb.8,Omicron
xbb.8.1,Omicron
xbb.8.2,Omicron
xbb.9,Omicron
b.1.1.7,Alpha
q.1,Alpha
q.2,Alpha
q.3,Alpha
q.4,Alpha
q.5,Alpha
q.6,Alpha
q.7,Alpha
q.8,Alpha
b.1.351,Beta
b.1.351.1,Beta
b.1.351.2,Beta
b.1.351.3,Beta
b.1.351.5,Beta
p.1,Gamma
p.1.1,Gamma
p.1.2,Gamma
p.1.3,Gamma
p.1.4,Gamma
p.1.5,Gamma
p.1.6,Gamma
p.1.7,Gamma
p.1.7.1,Gamma
p.1.8,Gamma
p.1.9,Gamma
p.1.10,Gamma
p.1.10.1,Gamma
p.1.10.2,Gamma
p.1.11,Gamma
p.1.12,Gamma
p.1.12.1,Gamma
p.1.13,Gamma
p.1.14,Gamma
p.1.15,Gamma
p.1.16,Gamma
p.1.17,Gamma
p.1.17.1,Gamma
b.1.617.2,Delta
ay.1,Delta
ay.2,Delta
ay.3,Delta
ay.3.1,Delta
ay.3.2,Delta
ay.3.3,Delta
ay.3.4,Delta
ay.4,Delta
ay.4.1,Delta
ay.4.2,Delta
ay.4.2.1,Delta
ay.4.2.2,Delta
ay.4.2.3,Delta
ay.4.2.4,Delta
ay.4.2.5,Delta
ay.4.3,Delta
ay.4.4,Delta
ay.4.5,Delta
ay.4.6,Delta
ay.4.7,Delta
ay.4.8,Delta
ay.4.9,Delta
ay.4.10,Delta
ay.4.11,Delta
ay.4.12,Delta
ay.4.13,Delta
ay.4.14,Delta
ay.4.15,Delta
ay.4.16,Delta
ay.4.17,Delta
ay.5,Delta
ay.5.1,Delta
ay.5.2,Delta
ay.5.3,Delta
ay.5.4,Delta
ay.5.5,Delta
ay.5.6,Delta
ay.5.7,Delta
ay.6,Delta
ay.7,Delta
ay.7.1,Delta
ay.7.2,Delta
ay.8,Delta
ay.9,Delta
ay.9.2,Delta
ay.9.2.1,Delta
ay.9.2.2,Delta
ay.10,Delta
ay.11,Delta
ay.13,Delta
ay.14,Delta
ay.15,Delta
ay.16,Delta
ay.16.1,Delta
ay.17,Delta
ay.18,Delta
ay.19,Delta
ay.20,Delta
ay.20.1,Delta
ay.21,Delta
ay.22,Delta
ay.23,Delta
ay.23.1,Delta
ay.23.2,Delta
ay.24,Delta
ay.24.1,Delta
ay.25,Delta
ay.25.1,Delta
ay.25.1.1,Delta
ay.25.1.2,Delta
ay.25.2,Delta
ay.25.3,Delta
ay.26,Delta
ay.26.1,Delta
ay.27,Delta
ay.28,Delta
ay.29,Delta
ay.29.1,Delta
ay.29.2,Delta
ay.30,Delta
ay.31,Delta
ay.32,Delta
ay.33,Delta
ay.33.1,Delta
ay.33.2,Delta
ay.34,Delta
ay.34.1,Delta
ay.34.1.1,Delta
ay.34.2,Delta
ay.35,Delta
ay.36,Delta
ay.36.1,Delta
ay.37,Delta
ay.38,Delta
ay.39,Delta
ay.39.1,Delta
ay.39.1.1,Delta
ay.39.1.2,Delta
ay.39.1.3,Delta
ay.39.1.4,Delta
ay.39.2,Delta
ay.39.3,Delta
ay.40,Delta
ay.41,Delta
ay.42,Delta
ay.42.1,Delta
ay.43,Delta
ay.43.1,Delta
ay.43.2,Delta
ay.43.3,Delta
ay.43.4,Delta
ay.43.5,Delta
ay.43.6,Delta
ay.43.7,Delta
ay.43.8,Delta
ay.43.9,Delta
ay.44,Delta
ay.45,Delta
ay.46,Delta
ay.46.1,Delta
ay.46.2,Delta
ay.46.3,Delta
ay.46.4,Delta
ay.46.5,Delta
ay.46.6,Delta
ay.46.6.1,Delta
ay.47,Delta
ay.48,Delta
ay.49,Delta
ay.50,Delta
ay.51,Delta
ay.52,Delta
ay.53,Delta
ay.54,Delta
ay.55,Delta
ay.56,Delta
ay.57,Delta
ay.58,Delta
ay.59,Delta
ay.60,Delta
ay.61,Delta
ay.62,Delta
ay.63,Delta
ay.64,Delta
ay.65,Delta
ay.66,Delta
ay.67,Delta
ay.68,Delta
ay.69,Delta
ay.70,Delta
ay.71,Delta
ay.72,Delta
ay.73,Delta
ay.74,Delta
ay.75,Delta
ay.75.2,Delta
ay.75.3,Delta
ay.76,Delta
ay.77,Delta
ay.78,Delta
ay.79,Delta
ay.80,Delta
ay.81,Delta
ay.82,Delta
ay.83,Delta
ay.84,Delta
ay.85,Delta
ay.86,Delta
ay.87,Delta
ay.88,Delta
ay.90,Delta
ay.91,Delta
ay.91.1,Delta
ay.92,Delta
ay.93,Delta
ay.94,Delta
ay.95,Delta
ay.98,Delta
ay.98.1,Delta
ay.98.1.1,Delta
ay.99,Delta
ay.99.1,Delta
ay.99.2,Delta
ay.100,Delta
ay.101,Delta
ay.102,Delta
ay.102.1,Delta
ay.102.2,Delta
ay.103,Delta
ay.103.1,Delta
ay.103.2,Delta
ay.104,Delta
ay.105,Delta
ay.106,Delta
ay.107,Delta
ay.108,Delta
ay.109,Delta
ay.110,Delta
ay.111,Delta
ay.112,Delta
ay.112.1,Delta
ay.112.2,Delta
ay.112.3,Delta
ay.113,Delta
ay.114,Delta
ay.116,Delta
ay.116.1,Delta
ay.117,Delta
ay.118,Delta
ay.119,Delta
ay.119.1,Delta
ay.119.2,Delta
ay.120,Delta
ay.120.1,Delta
ay.120.2,Delta
ay.120.2.1,Delta
ay.121,Delta
ay.121.1,Delta
ay.122,Delta
ay.122.1,Delta
ay.122.2,Delta
ay.122.3,Delta
ay.122.4,Delta
ay.122.5,Delta
ay.122.6,Delta
ay.123,Delta
ay.123.1,Delta
ay.124,Delta
ay.124.1,Delta
ay.124.1.1,Delta
ay.125,Delta
ay.125.1,Delta
ay.126,Delta
ay.127,Delta
ay.127.1,Delta
ay.127.2,Delta
ay.127.3,Delta
ay.128,Delta
ay.129,Delta
ay.130,Delta
ay.131,Delta
ay.132,Delta
ay.133,Delta
ay.134,Delta
b.1.1.529,Omicron
ba.1,Omicron
ba.1.1,Omicron
ba.1.1.1,Omicron
ba.1.1.2,Omicron
ba.1.1.3,Omicron
ba.1.1.4,Omicron
ba.1.1.5,Omicron
ba.1.1.6,Omicron
ba.1.1.7,Omicron
ba.1.1.8,Omicron
ba.1.1.9,Omicron
ba.1.1.10,Omicron
ba.1.1.11,Omicron
ba.1.1.12,Omicron
ba.1.1.13,Omicron
ba.1.1.14,Omicron
ba.1.1.15,Omicron
ba.1.1.16,Omicron
ba.1.1.17,Omicron
ba.1.1.18,Omicron
ba.1.2,Omicron
ba.1.3,Omicron
ba.1.4,Omicron
ba.1.5,Omicron
ba.1.6,Omicron
ba.1.7,Omicron
ba.1.8,Omicron
ba.1.9,Omicron
ba.1.10,Omicron
ba.1.12,Omicron
ba.1.13,Omicron
ba.1.13.1,Omicron
ba.1.14,Omicron
ba.1.14.1,Omicron
ba.1.14.2,Omicron
ba.1.15,Omicron
ba.1.15.1,Omicron
ba.1.15.2,Omicron
ba.1.15.3,Omicron
ba.1.16,Omicron
ba.1.16.1,Omicron
ba.1.16.2,Omicron
ba.1.17,Omicron
ba.1.17.1,Omicron
ba.1.17.2,Omicron
ba.1.18,Omicron
ba.1.19,Omicron
ba.1.20,Omicron
ba.1.21,Omicron
ba.1.21.1,Omicron
ba.1.22,Omicron
ba.1.23,Omicron
ba.1.24,Omicron
ba.2,Omicron
ba.2.1,Omicron
ba.2.2,Omicron
ba.2.2.1,Omicron
ba.2.3,Omicron
ba.2.3.1,Omicron
ba.2.3.2,Omicron
ba.2.3.4,Omicron
ba.2.3.5,Omicron
ba.2.3.6,Omicron
ba.2.3.7,Omicron
ba.2.3.8,Omicron
ba.2.3.9,Omicron
ba.2.3.10,Omicron
ba.2.3.11,Omicron
ba.2.3.12,Omicron
ba.2.3.13,Omicron
ba.2.3.14,Omicron
ba.2.3.15,Omicron
ba.2.3.16,Omicron
ba.2.3.17,Omicron
ba.2.3.18,Omicron
ba.2.3.19,Omicron
ba.2.3.20,Omicron
ba.2.3.21,Omicron
ba.2.3.22,Omicron
ba.2.4,Omicron
ba.2.5,Omicron
ba.2.6,Omicron
ba.2.7,Omicron
ba.2.8,Omicron
ba.2.9,Omicron
ba.2.9.1,Omicron
ba.2.9.2,Omicron
ba.2.9.3,Omicron
ba.2.9.4,Omicron
ba.2.9.5,Omicron
ba.2.9.6,Omicron
ba.2.9.7,Omicron
ba.2.10,Omicron
ba.2.10.1,Omicron
ba.2.10.2,Omicron
ba.2.10.3,Omicron
ba.2.10.4,Omicron
ba.2.11,Omicron
ba.2.12,Omicron
ba.2.12.1,Omicron
ba.2.12.2,Omicron
ba.2.13,Omicron
ba.2.13.1,Omicron
ba.2.14,Omicron
ba.2.15,Omicron
ba.2.16,Omicron
ba.2.17,Omicron
ba.2.18,Omicron
ba.2.19,Omicron
ba.2.20,Omicron
ba.2.21,Omicron
ba.2.22,Omicron
ba.2.23,Omicron
ba.2.23.1,Omicron
ba.2.24,Omicron
ba.2.25,Omicron
ba.2.25.1,Omicron
ba.2.26,Omicron
ba.2.27,Omicron
ba.2.28,Omicron
ba.2.29,Omicron
ba.2.30,Omicron
ba.2.31,Omicron
ba.2.31.1,Omicron
ba.2.32,Omicron
ba.2.33,Omicron
ba.2.34,Omicron
ba.2.35,Omicron
ba.2.36,Omicron
ba.2.37,Omicron
ba.2.38,Omicron
ba.2.38.1,Omicron
ba.2.38.2,Omicron
ba.2.38.3,Omicron
ba.2.38.4,Omicron
ba.2.39,Omicron
ba.2.40,Omicron
ba.2.40.1,Omicron
ba.2.41,Omicron
ba.2.42,Omicron
ba.2.43,Omicron
ba.2.44,Omicron
ba.2.45,Omicron
ba.2.46,Omicron
ba.2.47,Omicron
ba.2.48,Omicron
ba.2.49,Omicron
ba.2.50,Omicron
ba.2.51,Omicron
ba.2.52,Omicron
ba.2.53,Omicron
ba.2.54,Omicron
ba.2.55,Omicron
ba.2.56,Omicron
ba.2.56.1,Omicron
ba.2.57,Omicron
ba.2.58,Omicron
ba.2.59,Omicron
ba.2.60,Omicron
ba.2.61,Omicron
ba.2.62,Omicron
ba.2.63,Omicron
ba.2.64,Omicron
ba.2.65,Omicron
ba.2.66,Omicron
ba.2.67,Omicron
ba.2.68,Omicron
ba.2.69,Omicron
ba.2.70,Omicron
ba.2.71,Omicron
ba.2.72,Omicron
ba.2.73,Omicron
ba.2.74,Omicron
ba.2.76,Omicron
ba.2.76.1,Omicron
ba.2.76.2,Omicron
ba.2.77,Omicron
ba.2.78,Omicron
ba.2.79,Omicron
ba.2.79.1,Omicron
ba.2.80,Omicron
ba.2.81,Omicron
ba.2.82,Omicron
ba.2.83,Omicron
ba.2.85,Omicron
ba.2.87,Omicron
ba.2.87.1,Omicron
ba.3,Omicron
ba.3.1,Omicron
ba.4,Omicron
ba.4.1,Omicron
ba.4.1.1,Omicron
ba.4.1.2,Omicron
ba.4.1.3,Omicron
ba.4.1.4,Omicron
ba.4.1.5,Omicron
ba.4.1.6,Omicron
ba.4.1.7,Omicron
ba.4.1.8,Omicron
ba.4.1.9,Omicron
ba.4.1.10,Omicron
ba.4.1.11,Omicron
ba.4.2,Omicron
ba.4.3,Omicron
ba.4.4,Omicron
ba.4.5,Omicron
ba.4.6,Omicron
ba.4.6.1,Omicron
ba.4.6.2,Omicron
ba.4.6.3,Omicron
ba.4.6.4,Omicron
ba.4.6.5,Omicron
ba.4.7,Omicron
ba.4.8,Omicron
ba.5,Omicron
ba.5.1,Omicron
ba.5.1.1,Omicron
ba.5.1.2,Omicron
ba.5.1.3,Omicron
ba.5.1.4,Omicron
ba.5.1.5,Omicron
ba.5.1.6,Omicron
ba.5.1.7,Omicron
ba.5.1.8,Omicron
ba.5.1.9,Omicron
ba.5.1.10,Omicron
ba.5.1.11,Omicron
ba.5.1.12,Omicron
ba.5.1.14,Omicron
ba.5.1.15,Omicron
ba.5.1.16,Omicron
ba.5.1.17,Omicron
ba.5.1.18,Omicron
ba.5.1.19,Omicron
ba.5.1.20,Omicron
ba.5.1.21,Omicron
ba.5.1.22,Omicron
ba.5.1.23,Omicron
ba.5.1.24,Omicron
ba.5.1.25,Omicron
ba.5.1.26,Omicron
ba.5.1.27,Omicron
ba.5.1.28,Omicron
ba.5.1.29,Omicron
ba.5.1.30,Omicron
ba.5.1.31,Omicron
ba.5.1.32,Omicron
ba.5.1.33,Omicron
ba.5.1.34,Omicron
ba.5.1.35,Omicron
ba.5.1.36,Omicron
ba.5.1.37,Omicron
ba.5.1.38,Omicron
ba.5.2,Omicron
ba.5.2.1,Omicron
ba.5.2.2,Omicron
ba.5.2.3,Omicron
ba.5.2.4,Omicron
ba.5.2.5,Omicron
ba.5.2.6,Omicron
ba.5.2.7,Omicron
ba.5.2.8,Omicron
ba.5.2.9,Omicron
ba.5.2.10,Omicron
ba.5.2.11,Omicron
ba.5.2.12,Omicron
ba.5.2.13,Omicron
ba.5.2.14,Omicron
ba.5.2.16,Omicron
ba.5.2.18,Omicron
ba.5.2.19,Omicron
ba.5.2.20,Omicron
ba.5.2.21,Omicron
ba.5.2.22,Omicron
ba.5.2.23,Omicron
ba.5.2.24,Omicron
ba.5.2.25,Omicron
ba.5.2.26,Omicron
ba.5.2.27,Omicron
ba.5.2.28,Omicron
ba.5.2.29,Omicron
ba.5.2.30,Omicron
ba.5.2.31,Omicron
ba.5.2.32,Omicron
ba.5.2.33,Omicron
ba.5.2.34,Omicron
ba.5.2.35,Omicron
ba.5.2.36,Omicron
ba.5.2.37,Omicron
ba.5.2.38,Omicron
ba.5.2.39,Omicron
ba.5.2.40,Omicron
ba.5.2.41,Omicron
ba.5.2.42,Omicron
ba.5.2.43,Omicron
ba.5.2.44,Omicron
ba.5.2.45,Omicron
ba.5.2.46,Omicron
ba.5.2.47,Omicron
ba.5.2.48,Omicron
ba.5.2.49,Omicron
ba.5.2.50,Omicron
ba.5.2.51,Omicron
ba.5.2.52,Omicron
ba.5.2.53,Omicron
ba.5.2.54,Omicron
ba.5.2.55,Omicron
ba.5.2.56,Omicron
ba.5.2.57,Omicron
ba.5.2.58,Omicron
ba.5.2.59,Omicron
ba.5.2.60,Omicron
ba.5.2.61,Omicron
ba.5.2.62,Omicron
ba.5.2.63,Omicron
ba.5.3,Omicron
ba.5.3.1,Omicron
ba.5.3.2,Omicron
ba.5.3.3,Omicron
ba.5.3.4,Omicron
ba.5.3.5,Omicron
ba.5.5,Omicron
ba.5.5.1,Omicron
ba.5.5.2,Omicron
ba.5.5.3,Omicron
ba.5.6,Omicron
ba.5.6.1,Omicron
ba.5.6.2,Omicron
ba.5.6.3,Omicron
ba.5.6.4,Omicron
ba.5.7,Omicron
ba.5.8,Omicron
ba.5.9,Omicron
ba.5.10,Omicron
ba.5.10.1,Omicron
ba.5.11,Omicron
ba.5.12,Omicron
bc.1,Omicron
bc.2,Omicron
bd.1,Omicron
be.1,Omicron
be.1.1,Omicron
be.1.1.1,Omicron
be.1.1.2,Omicron
be.1.2,Omicron
be.1.2.1,Omicron
be.1.3,Omicron
be.1.4,Omicron
be.1.4.1,Omicron
be.1.4.2,Omicron
be.1.4.3,Omicron
be.1.4.4,Omicron
be.2,Omicron
be.3,Omicron
be.4,Omicron
be.4.1,Omicron
be.4.1.1,Omicron
be.4.2,Omicron
be.5,Omicron
be.6,Omicron
be.7,Omicron
be.8,Omicron
be.9,Omicron
be.10,Omicron
be.11,Omicron
be.12,Omicron
be.13,Omicron
bf.1,Omicron
bf.1.1,Omicron
bf.2,Omicron
bf.3,Omicron
bf.3.1,Omicron
bf.4,Omicron
bf.5,Omicron
bf.5.1,Omicron
bf.5.2,Omicron
bf.5.3,Omicron
bf.5.4,Omicron
bf.5.5,Omicron
bf.6,Omicron
bf.7,Omicron
bf.7.1,Omicron
bf.7.2,Omicron
bf.7.3,Omicron
bf.7.4,Omicron
bf.7.4.1,Omicron
bf.7.4.2,Omicron
bf.7.4.3,Omicron
bf.7.5,Omicron
bf.7.5.1,Omicron
bf.7.6,Omicron
bf.7.7,Omicron
bf.7.8,Omicron
bf.7.9,Omicron
bf.7.10,Omicron
bf.7.11,Omicron
bf.7.12,Omicron
bf.7.13,Omicron
bf.7.13.1,Omicron
bf.7.13.2,Omicron
bf.7.14,Omicron
bf.7.14.1,Omicron
bf.7.14.2,Omicron
bf.7.14.3,Omicron
bf.7.14.4,Omicron
bf.7.14.5,Omicron
bf.7.14.6,Omicron
bf.7.14.7,Omicron
bf.7.15,Omicron
bf.7.16,Omicron
bf.7.16.1,Omicron
bf.7.17,Omicron
bf.7.18,Omicron
bf.7.19,Omicron
bf.7.19.1,Omicron
bf.7.20,Omicron
bf.7.21,Omicron
bf.7.22,Omicron
bf.7.23,Omicron
bf.7.24,Omicron
bf.7.26,Omicron
bf.7.27,Omicron
bf.8,Omicron
bf.9,Omicron
bf.10,Omicron
bf.10.1,Omicron
bf.11,Omicron
bf.11.1,Omicron
bf.11.2,Omicron
bf.11.3,Omicron
bf.11.4,Omicron
bf.11.5,Omicron
bf.12,Omicron
bf.13,Omicron
bf.14,Omicron
bf.15,Omicron
bf.16,Omicron
bf.17,Omicron
bf.18,Omicron
bf.19,Omicron
bf.20,Omicron
bf.21,Omicron
bf.22,Omicron
bf.23,Omicron
bf.24,Omicron
bf.25,Omicron
bf.26,Omicron
bf.27,Omicron
bf.28,Omicron
bf.29,Omicron
bf.30,Omicron
bf.31,Omicron
bf.31.1,Omicron
bf.32,Omicron
bf.33,Omicron
bf.34,Omicron
bf.35,Omicron
bf.36,Omicron
bf.37,Omicron
bf.38,Omicron
bf.38.1,Omicron
bf.38.2,Omicron
bf.38.3,Omicron
bf.39,Omicron
bf.39.1,Omicron
bf.40,Omicron
bf.41,Omicron
bf.41.1,Omicron
bf.42,Omicron
bg.1,Omicron
bg.2,Omicron
bg.3,Omicron
bg.4,Omicron
bg.5,Omicron
bg.6,Omicron
bg.7,Omicron
bh.1,Omicron
bj.1,Omicron
bk.1,Omicron
bp.1,Omicron
bq.1,Omicron
bq.1.1,Omicron
bq.1.1.1,Omicron
bq.1.1.2,Omicron
bq.1.1.3,Omicron
bq.1.1.4,Omicron
bq.1.1.5,Omicron
bq.1.1.6,Omicron
bq.1.1.7,Omicron
bq.1.1.8,Omicron
bq.1.1.9,Omicron
bq.1.1.10,Omicron
bq.1.1.11,Omicron
bq.1.1.12,Omicron
bq.1.1.13,Omicron
bq.1.1.14,Omicron
bq.1.1.15,Omicron
bq.1.1.16,Omicron
bq.1.1.17,Omicron
bq.1.1.18,Omicron
bq.1.1.19,Omicron
bq.1.1.20,Omicron
bq.1.1.21,Omicron
bq.1.1.22,Omicron
bq.1.1.23,Omicron
bq.1.1.24,Omicron
bq.1.1.25,Omicron
bq.1.1.26,Omicron
bq.1.1.27,Omicron
bq.1.1.28,Omicron
bq.1.1.29,Omicron
bq.1.1.30,Omicron
bq.1.1.31,Omicron
bq.1.1.32,Omicron
bq.1.1.34,Omicron
bq.1.1.35,Omicron
bq.1.1.36,Omicron
bq.1.1.37,Omicron
bq.1.1.38,Omicron
bq.1.1.39,Omicron
bq.1.1.40,Omicron
bq.1.1.41,Omicron
bq.1.1.42,Omicron
bq.1.1.43,Omicron
bq.1.1.44,Omicron
bq.1.1.45,Omicron
bq.1.1.46,Omicron
bq.1.1.47,Omicron
bq.1.1.48,Omicron
bq.1.1.49,Omicron
bq.1.1.50,Omicron
bq.1.1.51,Omicron
bq.1.1.52,Omicron
bq.1.1.53,Omicron
bq.1.1.54,Omicron
bq.1.1.55,Omicron
bq.1.1.56,Omicron
bq.1.1.57,Omicron
bq.1.1.58,Omicron
bq.1.1.59,Omicron
bq.1.1.60,Omicron
bq.1.1.61,Omicron
bq.1.1.62,Omicron
bq.1.1.63,Omicron
bq.1.1.64,Omicron
bq.1.1.65,Omicron
bq.1.1.66,Omicron
bq.1.1.67,Omicron
bq.1.1.68,Omicron
bq.1.1.69,Omicron
bq.1.1.70,Omicron
bq.1.1.71,Omicron
bq.1.1.72,Omicron
bq.1.1.73,Omicron
bq.1.1.74,Omicron
bq.1.1.75,Omicron
bq.1.1.76,Omicron
bq.1.1.77,Omicron
bq.1.1.78,Omicron
bq.1.1.79,Omicron
bq.1.2,Omicron
bq.1.2.1,Omicron
bq.1.2.2,Omicron
bq.1.2.3,Omicron
bq.1.3,Omicron
bq.1.3.1,Omicron
bq.1.3.2,Omicron
bq.1.4,Omicron
bq.1.5,Omicron
bq.1.6,Omicron
bq.1.7,Omicron
bq.1.8,Omicron
bq.1.8.1,Omicron
bq.1.8.2,Omicron
bq.1.9,Omicron
bq.1.10,Omicron
bq.1.10.1,Omicron
bq.1.10.2,Omicron
bq.1.10.3,Omicron
bq.1.11,Omicron
bq.1.11.1,Omicron
bq.1.12,Omicron
bq.1.13,Omicron
bq.1.13.1,Omicron
bq.1.14,Omicron
bq.1.15,Omicron
bq.1.15.1,Omicron
bq.1.15.2,Omicron
bq.1.16,Omicron
bq.1.17,Omicron
bq.1.18,Omicron
bq.1.19,Omicron
bq.1.20,Omicron
bq.1.21,Omicron
bq.1.22,Omicron
bq.1.23,Omicron
bq.1.24,Omicron
bq.1.25,Omicron
bq.1.25.1,Omicron
bq.1.26,Omicron
bq.1.26.1,Omicron
bq.1.26.2,Omicron
bq.1.27,Omicron
bq.1.28,Omicron
bq.1.29,Omicron
bq.1.30,Omicron
bq.1.31,Omicron
bq.1.32,Omicron
bq.1.33,Omicron
bq.2,Omicron
bs.1,Omicron
bs.1.1,Omicron
bs.1.2,Omicron
bt.1,Omicron
bt.2,Omicron
bu.1,Omicron
bu.2,Omicron
bu.3,Omicron
bv.1,Omicron
bv.2,Omicron
bw.1,Omicron
bw.1.1,Omicron
bw.1.1.1,Omicron
bw.1.1.2,Omicron
bw.1.2,Omicron
bz.1,Omicron
bz.2,Omicron
cc.1,Omicron
cd.1,Omicron
cd.2,Omicron
ce.1,Omicron
cf.1,Omicron
cg.1,Omicron
ck.1,Omicron
ck.1.1,Omicron
ck.1.1.1,Omicron
ck.1.1.2,Omicron
ck.1.2,Omicron
ck.1.3,Omicron
ck.1.4,Omicron
ck.1.5,Omicron
ck.2,Omicron
ck.2.1,Omicron
ck.2.1.1,Omicron
ck.3,Omicron
cl.1,Omicron
cl.1.1,Omicron
cl.1.2,Omicron
cl.1.3,Omicron
cm.1,Omicron
cm.2,Omicron
cm.2.1,Omicron
cm.3,Omicron
cm.4,Omicron
cm.4.1,Omicron
cm.5,Omicron
cm.5.1,Omicron
cm.5.2,Omicron
cm.6,Omicron
cm.6.1,Omicron
cm.7,Omicron
cm.7.1,Omicron
cm.7.1.1,Omicron
cm.8,Omicron
cm.8.1,Omicron
cm.8.1.1,Omicron
cm.8.1.2,Omicron
cm.8.1.3,Omicron
cm.8.1.4,Omicron
cm.8.1.5,Omicron
cm.9,Omicron
cm.10,Omicron
cm.11,Omicron
cm.12,Omicron
cn.1,Omicron
cn.2,Omicron
cp.1,Omicron
cp.1.1,Omicron
cp.1.2,Omicron
cp.1.3,Omicron
cp.2,Omicron
cp.3,Omicron
cp.4,Omicron
cp.5,Omicron
cp.6,Omicron
cp.7,Omicron
cp.8,Omicron
cp.8.1,Omicron
cq.1,Omicron
cq.1.1,Omicron
cq.2,Omicron
cr.1,Omicron
cr.1.1,Omicron
cr.1.2,Omicron
cr.1.3,Omicron
cr.2,Omicron
cs.1,Omicron
ct.1,Omicron
cu.1,Omicron
cw.1,Omicron
cy.1,Omicron
cy.2,Omicron
cz.1,Omicron
cz.2,Omicron
da.1,Omicron
db.1,Omicron
db.2,Omicron
db.3,Omicron
dc.1,Omicron
dd.1,Omicron
de.1,Omicron
de.2,Omicron
df.1,Omicron
df.1.1,Omicron
dg.1,Omicron
dh.1,Omicron
dj.1,Omicron
dj.1.1,Omicron
dj.1.1.1,Omicron
dj.1.2,Omicron
dj.1.3,Omicron
dk.1,Omicron
dl.1,Omicron
dm.1,Omicron
dn.1,Omicron
dn.1.1,Omicron
dn.1.1.1,Omicron
dn.1.1.2,Omicron
dn.1.1.3,Omicron
dn.1.1.4,Omicron
dn.2,Omicron
dn.3,Omicron
dn.3.1,Omicron
dp.1,Omicron
dq.1,Omicron
dr.1,Omicron
dr.2,Omicron
dt.1,Omicron
dt.2,Omicron
dt.3,Omicron
du.1,Omicron
dw.1,Omicron
dy.1,Omicron
dy.1.1,Omicron
dy.2,Omicron
dy.3,Omicron
dy.4,Omicron
dz.1,Omicron
dz.2,Omicron
ea.1,Omicron
ea.2,Omicron
eb.1,Omicron
ec.1,Omicron
ec.1.1,Omicron
ed.1,Omicron
ed.2,Omicron
ed.3,Omicron
ee.1,Omicron
ee.2,Omicron
ee.3,Omicron
ee.4,Omicron
ee.5,Omicron
ef.1,Omicron
ef.1.1,Omicron
ef.1.1.1,Omicron
ef.1.2,Omicron
ef.1.3,Omicron
ef.2,Omicron
ef.3,Omicron
eh.1,Omicron
en.1,Omicron
en.1.1,Omicron
eq.1,Omicron
er.1,Omicron
er.1.1,Omicron
es.1,Omicron
et.1,Omicron
ev.1,Omicron
ew.1,Omicron
ew.2,Omicron
ew.3,Omicron
ey.1,Omicron
ez.1,Omicron
fa.1,Omicron
fa.2,Omicron
fb.1,Omicron
fb.2,Omicron
fc.1,Omicron
ff.1,Omicron
fm.1,Omicron
fm.2,Omicron
fn.1,Omicron
fq.1,Omicron
fv.1,Omicron
jh.1,Omicron
jh.2,Omicron
xe,Omicron
xg,Omicron
xh,Omicron
xj,Omicron
xk,Omicron
xl,Omicron
xm,Omicron
xn,Omicron
xp,Omicron
xq,Omicron
xr,Omicron
xt,Omicron
xu,Omicron
xv,Omicron
xw,Omicron
xy,Omicron
xz,Omicron
xaa,Omicron
xab,Omicron
xac,Omicron
xad,Omicron
xae,Omicron
xaf,Omicron
xag,Omicron
xah,Omicron
xaj,Omicron
xak,Omicron
xal,Omicron
xam,Omicron
xan,Omicron
xap,Omicron
xaq,Omicron
xar,Omicron
xas,Omicron
xat,Omicron
xau,Omicron
xav,Omicron
xaz,Omicron
xbd,Omicron
xbe,Omicron
xbf,Omicron
xbg,Omicron
xbh,Omicron
xbj,Omicron
xbk,Omicron
xbm,Omicron
xbp,Omicron
xbq,Omicron
xbr,Omicron
xbs,Omicron
xbt,Omicron
xbu,Omicron
xbz,Omicron
xca,Omicron
xcb,Omicron
xbf.1,Omicron
xbf.1.1,Omicron
xbf.2,Omicron
xbf.3,Omicron
xbf.4,Omicron
xbf.5,Omicron
xbf.6,Omicron
xbf.7,Omicron
xbf.7.1,Omicron
xbf.8,Omicron
xbf.8.1,Omicron
xbf.9,Omicron
xbf.10,Omicron
xbj.1,Omicron
xbj.1.1,Omicron
xbj.2,Omicron
xbj.3,Omicron
xbj.4,Omicron
xbk.1,Omicron
av.1,AV.1
b.1.1.318,B.1.1.318-related
az.1,B.1.1.318-related
az.2,B.1.1.318-related
az.2.1,B.1.1.318-related
az.3,B.1.1.318-related
az.4,B.1.1.318-related
az.5,B.1.1.318-related
az.6,B.1.1.318-related
b.1.617.3,B.1.617.3
c.1.2,C.1.2
c.36.3,C.36.3-related
c.36.3.1,C.36.3-related
b.1.427,Epsilon
b.1.429,Epsilon
b.1.429.1,Epsilon
b.1.525,Eta
b.1.526,Iota
b.1.617.1,Kappa
c.37,Lambda
c.37.1,Lambda
b.1.621,Mu
b.1.621.1,Mu
b.1.621.2,Mu
bb.2,Mu
p.3,Theta
p.2,Zeta