,Research Focus,PMID
0,Cell Biology,33767426
1,Vaccine Response,34133941
2,Immune Response,34688034
3,Vaccine Response,35764089
4,Vaccine Response,35605428
5,Immune Response,34594341
6,Vaccine Response,34861167
7,Infection Response,32678685
8,Immune Response,32941787
9,Vaccine Response,35857529
10,Immune Response,33822097
11,Epidemiology,36480499
12,Immune Response,33798476
13,Vaccine Response,34951746
14,Vaccine Response,37264688
15,Molecular Biology,34862384
16,Vaccine Response,36597886
17,Vaccine Response,35102312
18,Immune Response,36208629
19,Infection Response,37863065
20,Immune Response,36192374
21,Infection Response,37695910
