,16S rRNA gene sequencing
,1D Gel
,2D Gel
,Array
,B cell receptor repertoire sequencing assay
,Cell Culture
,Circular Dichroism
,CyTOF
,Cytometric Bead Array Assay
,DNA methylation profiling assay
,DNA microarray
,ELISA
,ELISPOT
,EMSA
,Exome Sequencing
,Flow Cytometry
,Fluorescent Antibody Procedure
,Hemagglutination Inhibition
,HLA Typing
,HPLC
,Immunoblot
,Immunoprecipitation
,in situ Hybridization
,KIR Typing
,Line Probe Assay
,Liquid Chromatography
,Luminex xMAP
,Mass Spectrometry
,Meso Scale Discovery ECL
,microRNA profiling assay
,Microscopy
,Mixed Lymphocyte Reaction
,Molecular Cloning
,Nanostring
,Neutralizing Antibody Titer Assay
,NMR
,Northern Blot
,O link
,Other
,PCR
,phage display binding assay
,Protein microarray
,Q-PCR
,Real time polymerase chain reaction assay
,RNA sequencing
,Rnase Protection Assay
,Sequencing
,SNP microarray
,SOMAscan
,Southern Blot
,Surface Plasmon Resonance
,T cell receptor repertoire sequencing assay
,TCID50
,Transcription profiling assay
,Transcription profiling by array
Virus Neutralization Assay,Virus Neutralization
,Western Blot
,Whole Genome Sequencing
,Yeast Two Hybrid